id,first_name,last_name,email,gender
1,Arron,Kinningley,akinningley0@behance.net,Male
2,Kori,Morales,kmorales1@tripadvisor.com,Female
3,Boyd,Vickars,bvickars2@sitemeter.com,Polygender
4,Irvine,Topping,itopping3@studiopress.com,Male
5,Amata,Petch,apetch4@mlb.com,Female
6,Kelsey,Trenouth,ktrenouth5@blog.com,Female
7,Jaquith,Kaszper,jkaszper6@google.cn,Female
8,Pall,Zelland,pzelland7@timesonline.co.uk,Male
9,Paola,Chazette,pchazette8@xing.com,Female
10,Vance,Cinderey,vcinderey9@surveymonkey.com,Male
11,L;urette,Wolfinger,lwolfingera@photobucket.com,Female
12,Tybalt,Moughtin,tmoughtinb@youtu.be,Male
13,Thalia,Rhucroft,trhucroftc@about.me,Female
14,Caryn,Mallett,cmallettd@dell.com,Female
15,Joni,Hicks,jhickse@comsenz.com,Female
16,Willard,Mintrim,wmintrimf@yahoo.com,Male
17,Bert,Shelp,bshelpg@cbc.ca,Male
18,Chauncey,Henkmann,chenkmannh@netlog.com,Male
19,Scotti,Shurmer,sshurmeri@wikispaces.com,Male
20,Sheree,Dalbey,sdalbeyj@yahoo.com,Female
21,Hilda,Knill,hknillk@unc.edu,Agender
22,Cindi,Honig,chonigl@latimes.com,Female
23,Ben,Retallick,bretallickm@cisco.com,Male
24,Cally,Grassin,cgrassinn@sourceforge.net,Female
25,Wes,Fairholme,wfairholmeo@jiathis.com,Male
26,Orelie,Huck,ohuckp@dropbox.com,Genderqueer
27,Mattie,Davidsohn,mdavidsohnq@paypal.com,Female
28,Glen,Ortiga,gortigar@rakuten.co.jp,Genderqueer
29,Tamiko,O'Corrane,tocorranes@stumbleupon.com,Female
30,Hasheem,Eckersley,heckersleyt@nature.com,Male
31,Clea,Vollam,cvollamu@scribd.com,Female
32,Pru,Sandlin,psandlinv@tumblr.com,Female
33,Lenee,Stanfield,lstanfieldw@privacy.gov.au,Female
34,Paulo,Prandin,pprandinx@google.nl,Male
35,Enoch,Stapele,estapeley@nature.com,Male
36,Car,Audiss,caudissz@sun.com,Male
37,Ryley,Bagster,rbagster10@yale.edu,Male
38,Gerik,Lorentzen,glorentzen11@europa.eu,Male
39,Mortimer,Gail,mgail12@facebook.com,Male
40,Darleen,Height,dheight13@bigcartel.com,Female
41,Gabriellia,Picard,gpicard14@squidoo.com,Female
42,Errick,Knewstubb,eknewstubb15@thetimes.co.uk,Male
43,Cort,Jeffels,cjeffels16@miibeian.gov.cn,Male
44,Joachim,Rizzi,jrizzi17@histats.com,Male
45,Jemmy,Pettisall,jpettisall18@hostgator.com,Female
46,Cristin,Falk,cfalk19@cnet.com,Female
47,Merell,Coudray,mcoudray1a@comsenz.com,Male
48,Loise,Mac Geaney,lmacgeaney1b@webmd.com,Female
49,Kattie,Enrich,kenrich1c@quantcast.com,Female
50,Dom,Ovendon,dovendon1d@irs.gov,Male
51,Allina,Brockelsby,abrockelsby1e@github.io,Female
52,Penelopa,McCart,pmccart1f@xing.com,Female
53,Lauraine,Ducrow,lducrow1g@senate.gov,Female
54,Adriano,Ambroisin,aambroisin1h@deviantart.com,Male
55,Jamesy,Roggeman,jroggeman1i@nydailynews.com,Male
56,Petrina,Mc Ilory,pmcilory1j@de.vu,Female
57,Cary,Brahm,cbrahm1k@samsung.com,Female
58,Dorie,Wraggs,dwraggs1l@aboutads.info,Male
59,Tildie,Kintzel,tkintzel1m@infoseek.co.jp,Female
60,Margret,Melato,mmelato1n@dedecms.com,Female
61,Dyanna,Befroy,dbefroy1o@blinklist.com,Female
62,Hurleigh,Ruos,hruos1p@github.com,Male
63,Carena,Khomich,ckhomich1q@huffingtonpost.com,Female
64,Cami,Lipman,clipman1r@creativecommons.org,Female
65,Charlotta,Poll,cpoll1s@instagram.com,Female
66,Babette,Shugg,bshugg1t@ustream.tv,Female
67,Koressa,Butchard,kbutchard1u@google.co.jp,Female
68,Arly,Vance,avance1v@illinois.edu,Female
69,Ardith,Ceaplen,aceaplen1w@cdc.gov,Female
70,Anderson,Hugnet,ahugnet1x@nsw.gov.au,Male
71,Doroteya,Gringley,dgringley1y@tuttocitta.it,Female
72,Michele,Sille,msille1z@facebook.com,Male
73,Gustave,Lanning,glanning20@berkeley.edu,Male
74,Ernesta,Shervington,eshervington21@paypal.com,Female
75,Ninnette,Smardon,nsmardon22@wisc.edu,Female
76,Norbert,MacKegg,nmackegg23@harvard.edu,Male
77,Dulsea,Russilll,drussilll24@msn.com,Female
78,Raphaela,Reford,rreford25@edublogs.org,Female
79,Jammal,Gwynn,jgwynn26@g.co,Male
80,Vanna,Sprankling,vsprankling27@wikimedia.org,Non-binary
81,Zenia,Hackett,zhackett28@addthis.com,Female
82,Vick,Powland,vpowland29@goo.ne.jp,Male
83,Reuben,Abbison,rabbison2a@weebly.com,Male
84,Chris,Lyokhin,clyokhin2b@github.io,Female
85,Calvin,Pavkovic,cpavkovic2c@hubpages.com,Male
86,Tabor,Cruikshanks,tcruikshanks2d@technorati.com,Male
87,Hamilton,Bugden,hbugden2e@gnu.org,Male
88,Bennett,Coweuppe,bcoweuppe2f@timesonline.co.uk,Male
89,Rafaelita,Holligan,rholligan2g@engadget.com,Polygender
90,Maxie,Frenzl,mfrenzl2h@mail.ru,Male
91,Cal,Lampaert,clampaert2i@bbb.org,Female
92,Jenn,Cossem,jcossem2j@salon.com,Female
93,Amelina,Duckerin,aduckerin2k@globo.com,Female
94,Izzy,Akhurst,iakhurst2l@slideshare.net,Male
95,Aylmar,Arnke,aarnke2m@g.co,Male
96,Judd,Avrasin,javrasin2n@globo.com,Male
97,Sibeal,Worham,sworham2o@intel.com,Female
98,Ximenez,Seint,xseint2p@engadget.com,Male
99,Shaylah,Bridgewood,sbridgewood2q@t.co,Female
100,Ardelia,Pollitt,apollitt2r@dailymail.co.uk,Female
101,Hephzibah,Wiffen,hwiffen2s@arizona.edu,Female
102,Duane,Jerok,djerok2t@forbes.com,Male
103,Dalis,Reace,dreace2u@istockphoto.com,Male
104,Latashia,Ockendon,lockendon2v@google.it,Female
105,Torrin,Housam,thousam2w@t.co,Male
106,Herman,Wallice,hwallice2x@booking.com,Male
107,Carey,Alchin,calchin2y@disqus.com,Female
108,Gian,De Cleyne,gdecleyne2z@toplist.cz,Male
109,Maxim,Fitzgerald,mfitzgerald30@salon.com,Male
110,Janith,Pluck,jpluck31@youku.com,Female
111,Artemis,Alesbrook,aalesbrook32@tuttocitta.it,Male
112,Cherie,Harrigan,charrigan33@zimbio.com,Female
113,Kimberli,Meffen,kmeffen34@un.org,Female
114,Francisca,Zanetello,fzanetello35@nhs.uk,Female
115,Trix,Simenot,tsimenot36@epa.gov,Female
116,Avril,Alleburton,aalleburton37@cpanel.net,Female
117,Berkie,Thewys,bthewys38@discuz.net,Male
118,Shaughn,Upham,supham39@bbb.org,Male
119,Hatty,McCallister,hmccallister3a@barnesandnoble.com,Female
120,Francklin,Kolushev,fkolushev3b@berkeley.edu,Male
121,Cully,Boumphrey,cboumphrey3c@yandex.ru,Male
122,Kaleena,Durante,kdurante3d@utexas.edu,Female
123,Rana,Overal,roveral3e@jugem.jp,Female
124,Drud,Tasseler,dtasseler3f@about.com,Male
125,Filia,Dilrew,fdilrew3g@sourceforge.net,Female
126,Bren,Janczyk,bjanczyk3h@paginegialle.it,Female
127,Richy,Priestner,rpriestner3i@sciencedirect.com,Genderfluid
128,Carson,Lowen,clowen3j@plala.or.jp,Male
129,Silvanus,Seivwright,sseivwright3k@sphinn.com,Male
130,Rois,Lampke,rlampke3l@vimeo.com,Female
131,Orrin,Stealey,ostealey3m@1688.com,Male
132,Tabbie,Burniston,tburniston3n@huffingtonpost.com,Female
133,Tawsha,Lowres,tlowres3o@usda.gov,Female
134,Teddi,Reditt,treditt3p@vk.com,Female
135,Corella,Maly,cmaly3q@examiner.com,Female
136,Nikkie,Hynson,nhynson3r@rambler.ru,Female
137,Shaun,McDoual,smcdoual3s@usda.gov,Male
138,Starla,Pettendrich,spettendrich3t@pcworld.com,Female
139,Alejandro,Stede,astede3u@usda.gov,Genderqueer
140,Peggie,Shieber,pshieber3v@pbs.org,Female
141,Beilul,Emmott,bemmott3w@nifty.com,Female
142,Zoe,Pinckard,zpinckard3x@wordpress.com,Female
143,Iosep,Joisce,ijoisce3y@ucla.edu,Male
144,Eberhard,Bernardelli,ebernardelli3z@newyorker.com,Male
145,Antonia,Padefield,apadefield40@mac.com,Female
146,Shantee,Starmer,sstarmer41@seattletimes.com,Female
147,Tomkin,Kenright,tkenright42@mac.com,Polygender
148,Osborn,Gooddy,ogooddy43@wix.com,Male
149,Antonio,Bows,abows44@eepurl.com,Male
150,Darcey,Matterdace,dmatterdace45@rediff.com,Female
151,Sandor,Girardoni,sgirardoni46@toplist.cz,Male
152,Alie,Langdridge,alangdridge47@globo.com,Female
153,Hayes,Stoves,hstoves48@imdb.com,Male
154,Teresina,Allman,tallman49@issuu.com,Bigender
155,Cherin,Viggars,cviggars4a@about.me,Female
156,Datha,Clash,dclash4b@google.es,Female
157,Shelton,Franschini,sfranschini4c@disqus.com,Male
158,Lennie,Beumant,lbeumant4d@google.cn,Male
159,Agnes,Wharf,awharf4e@surveymonkey.com,Genderfluid
160,Dunstan,Sparkwell,dsparkwell4f@pinterest.com,Male
161,Marion,Colquite,mcolquite4g@gmpg.org,Male
162,Mathias,Authers,mauthers4h@last.fm,Genderqueer
163,Abigael,Mullaney,amullaney4i@about.com,Female
164,Bird,Gerhardt,bgerhardt4j@1688.com,Female
165,Winnie,Wyldbore,wwyldbore4k@cocolog-nifty.com,Male
166,Erroll,Dicken,edicken4l@sakura.ne.jp,Male
167,Bud,Rowen,browen4m@cnet.com,Male
168,Nicoline,Shaul,nshaul4n@berkeley.edu,Female
169,Audy,Reynish,areynish4o@huffingtonpost.com,Female
170,Jacenta,Gallimore,jgallimore4p@csmonitor.com,Female
171,Clyde,Hutcheon,chutcheon4q@ezinearticles.com,Male
172,Enriqueta,Schust,eschust4r@sogou.com,Female
173,Licha,Ferens,lferens4s@people.com.cn,Female
174,Bail,Cammack,bcammack4t@xinhuanet.com,Male
175,Meryl,Hawkshaw,mhawkshaw4u@addthis.com,Female
176,Hastie,Saice,hsaice4v@independent.co.uk,Male
177,Brenda,Matczak,bmatczak4w@ifeng.com,Female
178,Rosana,Barca,rbarca4x@yelp.com,Female
179,Shanda,Nisius,snisius4y@blogtalkradio.com,Female
180,Madelin,Bocken,mbocken4z@mayoclinic.com,Female
181,Cass,Penreth,cpenreth50@yellowbook.com,Male
182,Humfried,Tearle,htearle51@ehow.com,Male
183,Kleon,Woofenden,kwoofenden52@huffingtonpost.com,Male
184,Bartlet,Enevold,benevold53@desdev.cn,Male
185,Buddie,Rosenblatt,brosenblatt54@goo.ne.jp,Male
186,Rhiamon,Lanham,rlanham55@cdbaby.com,Female
187,Carlos,Murrow,cmurrow56@facebook.com,Male
188,Blisse,Turney,bturney57@un.org,Female
189,Malorie,Easson,measson58@parallels.com,Female
190,Rey,Fleg,rfleg59@yolasite.com,Male
191,Odo,Sifleet,osifleet5a@purevolume.com,Male
192,Esther,Jendrach,ejendrach5b@webmd.com,Female
193,Tyler,Curuclis,tcuruclis5c@hao123.com,Genderqueer
194,Robbyn,Jeff,rjeff5d@shutterfly.com,Female
195,Libbi,Jovanovic,ljovanovic5e@slideshare.net,Female
196,Christi,Benettelli,cbenettelli5f@yolasite.com,Female
197,Tova,McClounan,tmcclounan5g@irs.gov,Female
198,Giavani,McPeice,gmcpeice5h@indiatimes.com,Male
199,Haskell,Sygroves,hsygroves5i@tripadvisor.com,Male
200,Robinson,Kennet,rkennet5j@posterous.com,Male
201,Lewie,Dodridge,ldodridge5k@usatoday.com,Male
202,Carling,Belsham,cbelsham5l@tripadvisor.com,Male
203,Atlanta,Reoch,areoch5m@printfriendly.com,Bigender
204,Roy,Bonnell,rbonnell5n@soundcloud.com,Male
205,Bucky,Keemar,bkeemar5o@tiny.cc,Male
206,Ewell,Halsho,ehalsho5p@skype.com,Male
207,Tonie,Charity,tcharity5q@qq.com,Female
208,Kiley,Sapp,ksapp5r@newyorker.com,Female
209,Bartram,Melbourn,bmelbourn5s@intel.com,Male
210,Manuel,Willoughby,mwilloughby5t@example.com,Male
211,Homerus,Malam,hmalam5u@xinhuanet.com,Male
212,Renell,Kettoe,rkettoe5v@time.com,Female
213,Murielle,Aspel,maspel5w@imageshack.us,Female
214,Anallise,Gilloran,agilloran5x@slashdot.org,Female
215,Miguel,Biagioni,mbiagioni5y@altervista.org,Male
216,Forrest,Gillio,fgillio5z@addthis.com,Male
217,Obie,Bentz,obentz60@stumbleupon.com,Male
218,Idalia,Donegan,idonegan61@webeden.co.uk,Female
219,Jehanna,Clingan,jclingan62@theatlantic.com,Female
220,Klara,Hedingham,khedingham63@hatena.ne.jp,Female
221,Lulita,Birkinshaw,lbirkinshaw64@howstuffworks.com,Female
222,Cam,Truwert,ctruwert65@miibeian.gov.cn,Male
223,Vikki,Abreheart,vabreheart66@cafepress.com,Female
224,Grove,Pfaffel,gpfaffel67@msn.com,Male
225,Batsheva,Leithgoe,bleithgoe68@phpbb.com,Female
226,Adams,Van de Velde,avandevelde69@ow.ly,Male
227,Reube,Marcombe,rmarcombe6a@blog.com,Bigender
228,Burr,Boughtflower,bboughtflower6b@devhub.com,Male
229,Bram,Antonopoulos,bantonopoulos6c@cisco.com,Male
230,Gertrude,Haack,ghaack6d@biblegateway.com,Female
231,Levey,Gehrts,lgehrts6e@ox.ac.uk,Male
232,Cecil,Eisig,ceisig6f@wix.com,Female
233,Harvey,Bramich,hbramich6g@amazonaws.com,Male
234,Edgardo,Cripps,ecripps6h@tamu.edu,Male
235,Brit,Frederick,bfrederick6i@bing.com,Polygender
236,Fletch,Gibbon,fgibbon6j@a8.net,Male
237,Uriel,Alldre,ualldre6k@moonfruit.com,Male
238,Bone,Poundsford,bpoundsford6l@wordpress.org,Male
239,Frants,Edmondson,fedmondson6m@aboutads.info,Male
240,Ware,Dainter,wdainter6n@cnn.com,Male
241,Danny,Traves,dtraves6o@altervista.org,Female
242,Emilee,Blacker,eblacker6p@sohu.com,Female
243,Ralf,Flade,rflade6q@dyndns.org,Male
244,Verne,Palle,vpalle6r@is.gd,Male
245,Cordie,McLemon,cmclemon6s@nhs.uk,Male
246,Hugibert,Kubatsch,hkubatsch6t@t-online.de,Male
247,Land,Scotson,lscotson6u@google.cn,Male
248,Harriot,Peye,hpeye6v@gnu.org,Female
249,Diana,Buckthorp,dbuckthorp6w@about.com,Female
250,Gan,Camelli,gcamelli6x@businessinsider.com,Polygender
251,Kristin,Willets,kwillets6y@huffingtonpost.com,Genderfluid
252,Joyce,Flockhart,jflockhart6z@histats.com,Female
253,Drud,Caller,dcaller70@telegraph.co.uk,Male
254,April,Soloway,asoloway71@csmonitor.com,Female
255,Juan,Pechacek,jpechacek72@xinhuanet.com,Male
256,Christiano,Francey,cfrancey73@w3.org,Genderqueer
257,Shayne,Loughlin,sloughlin74@oracle.com,Female
258,Farah,Briston,fbriston75@google.ru,Bigender
259,Pooh,Twycross,ptwycross76@mysql.com,Female
260,Robinett,Boocock,rboocock77@sohu.com,Female
261,Becky,Doogue,bdoogue78@smh.com.au,Bigender
262,Emyle,Frankiewicz,efrankiewicz79@pen.io,Female
263,Shari,Firebrace,sfirebrace7a@samsung.com,Female
264,Clair,Simper,csimper7b@usgs.gov,Male
265,Katleen,Brandle,kbrandle7c@nationalgeographic.com,Polygender
266,Eveline,Hellewell,ehellewell7d@google.fr,Genderqueer
267,Jessalyn,Waldera,jwaldera7e@cargocollective.com,Female
268,Vinnie,Orwell,vorwell7f@slideshare.net,Male
269,Moria,Wattins,mwattins7g@histats.com,Female
270,Granthem,Barta,gbarta7h@over-blog.com,Male
271,Benni,Rubenfeld,brubenfeld7i@photobucket.com,Female
272,Elisha,Ganford,eganford7j@t.co,Female
273,Franzen,Petracco,fpetracco7k@theglobeandmail.com,Male
274,Adora,Worsell,aworsell7l@tinyurl.com,Female
275,Sherilyn,Bathurst,sbathurst7m@joomla.org,Female
276,Etty,Duffell,eduffell7n@mit.edu,Female
277,Hall,Hazel,hhazel7o@usgs.gov,Male
278,Andie,Gregol,agregol7p@merriam-webster.com,Female
279,Maryellen,Kirkup,mkirkup7q@slashdot.org,Female
280,Geri,Legge,glegge7r@smugmug.com,Polygender
281,Bridget,Fonzo,bfonzo7s@spiegel.de,Female
282,Jessie,Morston,jmorston7t@amazon.co.uk,Female
283,Deedee,Gwilt,dgwilt7u@hexun.com,Genderfluid
284,Allayne,Salerg,asalerg7v@mapquest.com,Male
285,Karolina,Attkins,kattkins7w@vimeo.com,Female
286,Ethel,Chese,echese7x@sakura.ne.jp,Female
287,Merill,Abthorpe,mabthorpe7y@t-online.de,Male
288,Omar,Shoebridge,oshoebridge7z@quantcast.com,Male
289,Shell,Smeuin,ssmeuin80@smh.com.au,Male
290,Amie,Martygin,amartygin81@timesonline.co.uk,Female
291,Barbee,Fosdike,bfosdike82@nih.gov,Female
292,Obadiah,Verden,overden83@symantec.com,Male
293,Marcos,Yurygyn,myurygyn84@microsoft.com,Male
294,Bendix,De Simoni,bdesimoni85@reverbnation.com,Male
295,Chevalier,Dowbekin,cdowbekin86@cargocollective.com,Male
296,Christophe,Beckenham,cbeckenham87@techcrunch.com,Bigender
297,Illa,Delue,idelue88@mozilla.com,Female
298,Bernetta,Belton,bbelton89@cisco.com,Female
299,Corette,Braban,cbraban8a@photobucket.com,Female
300,Ingeberg,Doul,idoul8b@statcounter.com,Female
301,Trevar,Nairy,tnairy8c@scientificamerican.com,Male
302,Harriett,Hallan,hhallan8d@gnu.org,Female
303,Matias,Anstis,manstis8e@prweb.com,Male
304,Pepito,Bartocci,pbartocci8f@rediff.com,Male
305,Elberta,Boutton,eboutton8g@addtoany.com,Female
306,Toiboid,Gannaway,tgannaway8h@google.co.uk,Male
307,Gina,Sewter,gsewter8i@cpanel.net,Female
308,Oren,McKinstry,omckinstry8j@blog.com,Male
309,Mada,Kays,mkays8k@imageshack.us,Female
310,Alphonse,Sarsons,asarsons8l@berkeley.edu,Male
311,Bibi,Clac,bclac8m@google.com.au,Female
312,Fin,Kleinpeltz,fkleinpeltz8n@gnu.org,Male
313,Newton,Kantor,nkantor8o@ihg.com,Male
314,Chaddy,O'Henecan,cohenecan8p@clickbank.net,Male
315,Aubry,Dorn,adorn8q@mysql.com,Female
316,Dee,Barrasse,dbarrasse8r@deviantart.com,Female
317,May,Gauld,mgauld8s@nifty.com,Genderfluid
318,Salome,Fryman,sfryman8t@imgur.com,Female
319,Dionysus,Martinetto,dmartinetto8u@altervista.org,Male
320,Aldon,Harbron,aharbron8v@lulu.com,Male
321,Gaelan,Darbishire,gdarbishire8w@surveymonkey.com,Male
322,Phedra,Linden,plinden8x@booking.com,Female
323,Lukas,Davidzon,ldavidzon8y@geocities.jp,Male
324,Yves,Fennell,yfennell8z@reverbnation.com,Male
325,Dayle,Hamstead,dhamstead90@hud.gov,Female
326,Kial,Branton,kbranton91@naver.com,Agender
327,Steward,Babbidge,sbabbidge92@theatlantic.com,Male
328,Dov,Duffitt,dduffitt93@jigsy.com,Male
329,Glori,Millthorpe,gmillthorpe94@sitemeter.com,Female
330,Kirsti,Figg,kfigg95@slashdot.org,Female
331,Gilberte,Bullerwell,gbullerwell96@bloglines.com,Non-binary
332,Jacquelynn,Tofful,jtofful97@dailymotion.com,Bigender
333,Allie,Bolding,abolding98@canalblog.com,Female
334,Alfreda,Baldick,abaldick99@auda.org.au,Female
335,Feodora,Shakespeare,fshakespeare9a@msu.edu,Female
336,Orly,Cullon,ocullon9b@istockphoto.com,Female
337,Lee,Guye,lguye9c@4shared.com,Female
338,Rice,Standen,rstanden9d@issuu.com,Male
339,Darrick,Josselsohn,djosselsohn9e@hp.com,Male
340,Jsandye,Crosgrove,jcrosgrove9f@123-reg.co.uk,Polygender
341,Batholomew,Albrooke,balbrooke9g@nationalgeographic.com,Male
342,Rahel,Harriagn,rharriagn9h@time.com,Female
343,Kelila,Van Cassel,kvancassel9i@scribd.com,Female
344,Meggy,Vanin,mvanin9j@hubpages.com,Female
345,Aron,Mathely,amathely9k@thetimes.co.uk,Male
346,Sarita,Devine,sdevine9l@jiathis.com,Female
347,Antone,Ciobutaru,aciobutaru9m@wufoo.com,Male
348,Carson,Gricewood,cgricewood9n@army.mil,Male
349,Hatty,Cowen,hcowen9o@alibaba.com,Female
350,Miner,Shynn,mshynn9p@wunderground.com,Male
351,Lionello,Marshal,lmarshal9q@t-online.de,Male
352,Jefferson,Boreland,jboreland9r@weather.com,Male
353,Thurstan,Tolomelli,ttolomelli9s@ebay.co.uk,Male
354,Aurea,Fettes,afettes9t@engadget.com,Female
355,Herrick,Scoone,hscoone9u@omniture.com,Genderqueer
356,Shanda,Triggle,striggle9v@webeden.co.uk,Female
357,Dino,Given,dgiven9w@craigslist.org,Male
358,Germayne,Handrek,ghandrek9x@jimdo.com,Male
359,Art,Fardy,afardy9y@ovh.net,Male
360,Evaleen,Shere,eshere9z@google.it,Female
361,Lek,Veitch,lveitcha0@ucsd.edu,Male
362,Morgun,Hallford,mhallforda1@etsy.com,Male
363,Alanna,Scoggins,ascogginsa2@bigcartel.com,Polygender
364,Cal,Piell,cpiella3@reddit.com,Agender
365,Cloe,Huddleston,chuddlestona4@moonfruit.com,Female
366,Laurena,Botting,lbottinga5@free.fr,Female
367,Bobinette,Gyves,bgyvesa6@mac.com,Genderqueer
368,Louie,Pohl,lpohla7@wired.com,Male
369,Stanislaw,Canner,scannera8@angelfire.com,Male
370,Ruddie,Ivanyutin,rivanyutina9@livejournal.com,Male
371,Farrell,Troutbeck,ftroutbeckaa@tumblr.com,Male
372,Rubie,Tinkham,rtinkhamab@buzzfeed.com,Female
373,Grenville,Gait,ggaitac@yellowbook.com,Male
374,Maxim,Huelin,mhuelinad@nydailynews.com,Genderfluid
375,Aluin,Mattiuzzi,amattiuzziae@ted.com,Male
376,Drucy,Frowde,dfrowdeaf@disqus.com,Female
377,Svend,Ebbing,sebbingag@deliciousdays.com,Male
378,Karlens,Galliver,kgalliverah@paypal.com,Male
379,Tresa,Kildale,tkildaleai@gnu.org,Female
380,Saidee,Hatcher,shatcheraj@techcrunch.com,Female
381,Quentin,Mullaney,qmullaneyak@t-online.de,Female
382,Edmund,Petrolli,epetrollial@upenn.edu,Male
383,Nathanil,Tatershall,ntatershallam@bluehost.com,Male
384,Cindee,Horbath,chorbathan@bluehost.com,Polygender
385,Phaedra,Lynds,plyndsao@seattletimes.com,Female
386,Lishe,Murr,lmurrap@lulu.com,Female
387,Karoly,Hanshaw,khanshawaq@prlog.org,Male
388,Raimondo,Campey,rcampeyar@freewebs.com,Male
389,Katine,Dudliston,kdudlistonas@ocn.ne.jp,Female
390,Palm,Gasking,pgaskingat@unicef.org,Male
391,Brander,Edgworth,bedgworthau@si.edu,Agender
392,Felix,Arendsen,farendsenav@skyrock.com,Male
393,Katha,Felten,kfeltenaw@wsj.com,Female
394,Johan,Middlemiss,jmiddlemissax@dailymotion.com,Male
395,Faina,Alessandone,falessandoneay@weebly.com,Polygender
396,Albertine,Rudsdale,arudsdaleaz@foxnews.com,Female
397,Rayshell,Whiston,rwhistonb0@ox.ac.uk,Female
398,Brian,Loudon,bloudonb1@buzzfeed.com,Male
399,Alverta,Oaten,aoatenb2@sciencedirect.com,Female
400,Dionis,Roadknight,droadknightb3@sitemeter.com,Female
401,Deena,Lambert-Ciorwyn,dlambertciorwynb4@ustream.tv,Female
402,Carmel,Jozef,cjozefb5@360.cn,Female
403,Gisele,Woodford,gwoodfordb6@digg.com,Female
404,Igor,Lackney,ilackneyb7@youku.com,Male
405,Gaynor,Scneider,gscneiderb8@a8.net,Female
406,Stearn,McTurley,smcturleyb9@miibeian.gov.cn,Male
407,Hale,Jumel,hjumelba@qq.com,Male
408,Ruperta,Burrett,rburrettbb@vkontakte.ru,Female
409,Herman,Kestell,hkestellbc@home.pl,Male
410,Ronnie,Bourthoumieux,rbourthoumieuxbd@nifty.com,Male
411,Hervey,Georghiou,hgeorghioube@ifeng.com,Male
412,Richy,Blei,rbleibf@multiply.com,Male
413,Abdul,Longhurst,alonghurstbg@mac.com,Male
414,Kinny,Northedge,knorthedgebh@bluehost.com,Male
415,Cristin,Alelsandrovich,calelsandrovichbi@imdb.com,Female
416,Teodor,Pensom,tpensombj@uiuc.edu,Male
417,Selina,Jeafferson,sjeaffersonbk@etsy.com,Female
418,Wendel,Pullar,wpullarbl@biblegateway.com,Male
419,Gilberto,Oki,gokibm@typepad.com,Male
420,Antonella,Tomczykowski,atomczykowskibn@rambler.ru,Female
421,Valina,Faiers,vfaiersbo@livejournal.com,Female
422,Celina,Prall,cprallbp@cdc.gov,Female
423,Thorny,Abrahamsen,tabrahamsenbq@example.com,Male
424,Silvia,Chat,schatbr@hexun.com,Female
425,Boyce,Mc Grath,bmcgrathbs@edublogs.org,Male
426,Decca,Hassekl,dhasseklbt@imgur.com,Male
427,Bevin,Hunte,bhuntebu@instagram.com,Male
428,Kaycee,Gors,kgorsbv@walmart.com,Female
429,Briny,Grima,bgrimabw@unesco.org,Female
430,Nissie,Duckworth,nduckworthbx@themeforest.net,Female
431,Bertie,Blanchet,bblanchetby@t-online.de,Genderqueer
432,Eba,Noades,enoadesbz@rambler.ru,Female
433,Gaylord,Frain,gfrainc0@mysql.com,Male
434,Simon,Hooban,shoobanc1@bluehost.com,Male
435,Miltie,Glidder,mglidderc2@bloglovin.com,Male
436,Felicdad,Couvet,fcouvetc3@nba.com,Female
437,Sascha,Bwy,sbwyc4@java.com,Female
438,Garwin,Karczinski,gkarczinskic5@free.fr,Male
439,Thorvald,Rix,trixc6@dailymail.co.uk,Male
440,Hugues,Geggie,hgeggiec7@who.int,Male
441,Remus,Caulfield,rcaulfieldc8@last.fm,Male
442,Ranique,Curragh,rcurraghc9@theatlantic.com,Female
443,Culver,Belloch,cbellochca@mozilla.com,Male
444,Krisha,Shord,kshordcb@cmu.edu,Male
445,Sephira,Kindall,skindallcc@a8.net,Female
446,Merilee,Berrey,mberreycd@forbes.com,Female
447,Olivero,Lackemann,olackemannce@google.it,Male
448,Nester,McGrail,nmcgrailcf@imgur.com,Agender
449,Fidelity,Firsby,ffirsbycg@tmall.com,Female
450,Christie,Hartegan,charteganch@slideshare.net,Genderqueer
451,Vonnie,Romans,vromansci@hao123.com,Female
452,Daisie,Spelwood,dspelwoodcj@t-online.de,Female
453,Bronnie,Horsell,bhorsellck@live.com,Male
454,Giusto,Ayscough,gayscoughcl@wisc.edu,Male
455,Ardyth,Cuddehy,acuddehycm@clickbank.net,Female
456,Sherman,Russan,srussancn@java.com,Male
457,Cassandra,Twede,ctwedeco@printfriendly.com,Female
458,Lenci,Phittiplace,lphittiplacecp@miitbeian.gov.cn,Male
459,Gasparo,Yerbury,gyerburycq@so-net.ne.jp,Male
460,Sax,D'Antuoni,sdantuonicr@networkadvertising.org,Male
461,Eduardo,Crosgrove,ecrosgrovecs@hostgator.com,Male
462,Ermanno,Ganniclifft,eganniclifftct@gizmodo.com,Male
463,Malory,O'Gormley,mogormleycu@google.co.jp,Female
464,Konstance,Furze,kfurzecv@shop-pro.jp,Female
465,Nanice,Vasenkov,nvasenkovcw@cornell.edu,Female
466,Maddy,O'Grady,mogradycx@i2i.jp,Male
467,Evered,Jacklin,ejacklincy@umich.edu,Male
468,Joaquin,Shingfield,jshingfieldcz@cafepress.com,Male
469,Francene,Finding,ffindingd0@archive.org,Female
470,Alla,Ames,aamesd1@sourceforge.net,Female
471,Marwin,Linck,mlinckd2@bing.com,Agender
472,Leontyne,McBlain,lmcblaind3@pinterest.com,Female
473,Garrick,Kindred,gkindredd4@smh.com.au,Male
474,Bondy,Dzenisenka,bdzenisenkad5@nbcnews.com,Male
475,Aldric,Frangione,afrangioned6@yelp.com,Male
476,Erasmus,Gildersleeve,egildersleeved7@usnews.com,Male
477,Kariotta,Thackeray,kthackerayd8@hc360.com,Female
478,Deeann,Treat,dtreatd9@ted.com,Female
479,Clarence,Gunning,cgunningda@mozilla.com,Male
480,Elfrida,Blankau,eblankaudb@earthlink.net,Female
481,Goober,McNabb,gmcnabbdc@yelp.com,Male
482,Aldus,Winsbury,awinsburydd@java.com,Male
483,Gunter,Probat,gprobatde@japanpost.jp,Male
484,Clyve,Kobisch,ckobischdf@soup.io,Male
485,Oates,Ferrant,oferrantdg@harvard.edu,Male
486,Jean,Petrashkov,jpetrashkovdh@clickbank.net,Female
487,Alexina,Greyes,agreyesdi@github.io,Female
488,Timmie,Collip,tcollipdj@google.fr,Male
489,Renard,Rockwell,rrockwelldk@ucoz.ru,Male
490,Rance,Milius,rmiliusdl@istockphoto.com,Genderqueer
491,Horace,Goodbur,hgoodburdm@booking.com,Male
492,Cecilius,MacNaughton,cmacnaughtondn@webs.com,Male
493,Tiffie,Coyne,tcoynedo@ftc.gov,Female
494,Zebedee,Valenti,zvalentidp@nhs.uk,Male
495,Kareem,Arrighetti,karrighettidq@seattletimes.com,Male
496,Gradeigh,Toun,gtoundr@spiegel.de,Male
497,Alister,Verny,avernyds@smugmug.com,Male
498,Leesa,Asaaf,lasaafdt@disqus.com,Agender
499,Zeke,Liddyard,zliddyarddu@oakley.com,Male
500,Rosalind,Devons,rdevonsdv@tinyurl.com,Female
501,Parnell,Osborn,posborndw@prweb.com,Male
502,Eugenius,Stonelake,estonelakedx@rakuten.co.jp,Male
503,Mable,D'Adda,mdaddady@msn.com,Female
504,Sorcha,Crowdace,scrowdacedz@fda.gov,Female
505,Elwyn,Longstaff,elongstaffe0@phoca.cz,Male
506,Benson,Pennetti,bpennettie1@skyrock.com,Male
507,Caroline,Maletratt,cmaletratte2@mapy.cz,Female
508,Chandler,Rykert,crykerte3@npr.org,Male
509,Wilmer,Tyzack,wtyzacke4@vinaora.com,Male
510,Margy,Fibbings,mfibbingse5@imgur.com,Female
511,Mellisa,Marzelo,mmarzeloe6@japanpost.jp,Female
512,Uriel,Laye,ulayee7@ca.gov,Male
513,Rusty,Retter,rrettere8@live.com,Male
514,Rhetta,Tattersdill,rtattersdille9@usatoday.com,Female
515,Lacy,Isson,lissonea@ed.gov,Female
516,Essy,Tewes,eteweseb@freewebs.com,Female
517,Eryn,MacCallam,emaccallamec@freewebs.com,Female
518,Marcy,Koppes,mkoppesed@opensource.org,Female
519,Sergei,Lamshead,slamsheadee@topsy.com,Male
520,Nels,Schuster,nschusteref@sun.com,Male
521,Rusty,Varty,rvartyeg@gizmodo.com,Male
522,Thekla,Gillet,tgilleteh@yellowbook.com,Female
523,Rica,Calvie,rcalvieei@taobao.com,Female
524,Gae,Trevascus,gtrevascusej@fema.gov,Female
525,Paule,Dunstone,pdunstoneek@unc.edu,Female
526,Leonanie,Bellefant,lbellefantel@seattletimes.com,Female
527,Vania,Collyear,vcollyearem@xing.com,Female
528,Thebault,Winton,twintonen@pinterest.com,Male
529,Trescha,Merrell,tmerrelleo@earthlink.net,Female
530,Esma,Goligly,egoliglyep@wikia.com,Non-binary
531,Nertie,MacNeish,nmacneisheq@unblog.fr,Female
532,Ozzie,Ciccotto,ociccottoer@trellian.com,Male
533,Mendy,Pritchett,mpritchettes@sakura.ne.jp,Male
534,Sasha,Tinto,stintoet@goodreads.com,Female
535,Saunderson,Manchett,smanchetteu@example.com,Male
536,Walton,MacKerley,wmackerleyev@scientificamerican.com,Male
537,Orren,Manchett,omanchettew@livejournal.com,Polygender
538,Odell,Mosedale,omosedaleex@studiopress.com,Non-binary
539,Bobine,Dewing,bdewingey@ustream.tv,Female
540,Christoforo,Peirazzi,cpeirazziez@si.edu,Male
541,Ewart,Baldinotti,ebaldinottif0@virginia.edu,Male
542,Reese,Cruft,rcruftf1@japanpost.jp,Male
543,Jaynell,Loade,jloadef2@weebly.com,Female
544,Josephina,Gooder,jgooderf3@opera.com,Female
545,Andonis,Tight,atightf4@mozilla.org,Male
546,Roxy,Carabine,rcarabinef5@people.com.cn,Female
547,Nealy,Scoyne,nscoynef6@mysql.com,Male
548,Adelbert,Dimmick,adimmickf7@ox.ac.uk,Male
549,Jerrome,Timms,jtimmsf8@comcast.net,Male
550,Erroll,McLoney,emcloneyf9@rambler.ru,Male
551,Eada,Worral,eworralfa@flickr.com,Female
552,Martynne,Tinmouth,mtinmouthfb@google.com.au,Female
553,Zsa zsa,Thunnerclef,zthunnercleffc@wordpress.org,Genderfluid
554,Cyril,Berry,cberryfd@independent.co.uk,Male
555,Maddie,Eagell,meagellfe@accuweather.com,Male
556,Darill,Belward,dbelwardff@yolasite.com,Male
557,Sharon,Asbury,sasburyfg@topsy.com,Female
558,Carlyle,Arundell,carundellfh@opera.com,Male
559,Reube,Poundesford,rpoundesfordfi@smugmug.com,Male
560,Mort,Cottu,mcottufj@ovh.net,Bigender
561,Vinnie,Planque,vplanquefk@spotify.com,Polygender
562,Gertrude,Oloshkin,goloshkinfl@irs.gov,Agender
563,Jarrid,Mouatt,jmouattfm@simplemachines.org,Male
564,Alec,Dudny,adudnyfn@bloomberg.com,Male
565,Pearl,Mallison,pmallisonfo@sciencedaily.com,Female
566,Jacobo,Norwood,jnorwoodfp@wordpress.com,Male
567,Mike,Hoult,mhoultfq@networksolutions.com,Male
568,Frazer,Setter,fsetterfr@ow.ly,Male
569,Kaylyn,Janisson,kjanissonfs@meetup.com,Female
570,Hyacinthe,Bennett,hbennettft@gnu.org,Female
571,Amerigo,Whacket,awhacketfu@soundcloud.com,Male
572,Englebert,Clayton,eclaytonfv@addthis.com,Male
573,Lotty,Umbert,lumbertfw@omniture.com,Female
574,Harris,MacGinlay,hmacginlayfx@t-online.de,Male
575,Feodora,Downe,fdownefy@weather.com,Female
576,Shep,Cullimore,scullimorefz@mashable.com,Male
577,Theresa,Ewbanche,tewbancheg0@etsy.com,Female
578,Kevan,Hebborn,khebborng1@goo.gl,Male
579,Ezra,Konzelmann,ekonzelmanng2@independent.co.uk,Male
580,Palmer,Warsap,pwarsapg3@cyberchimps.com,Genderqueer
581,Reese,Moynham,rmoynhamg4@i2i.jp,Male
582,Daisi,Dowzell,ddowzellg5@skype.com,Female
583,Jayne,Rosendall,jrosendallg6@hc360.com,Female
584,Morty,Whinney,mwhinneyg7@cdc.gov,Male
585,Natividad,Kiebes,nkiebesg8@addtoany.com,Female
586,Laurena,McCray,lmccrayg9@storify.com,Non-binary
587,Elsinore,Davidman,edavidmanga@netlog.com,Female
588,Dominga,Loney,dloneygb@newyorker.com,Non-binary
589,Millie,Pizer,mpizergc@whitehouse.gov,Female
590,Nickolai,Balling,nballinggd@netvibes.com,Male
591,Ewart,Haythorn,ehaythornge@over-blog.com,Male
592,Hanan,Taynton,htayntongf@tuttocitta.it,Male
593,Valle,de Guerre,vdeguerregg@icio.us,Male
594,Caterina,Dorrington,cdorringtongh@discuz.net,Female
595,Raquela,Hrynczyk,rhrynczykgi@adobe.com,Female
596,Ange,Seeger,aseegergj@cam.ac.uk,Female
597,Burtie,Cloke,bclokegk@ihg.com,Male
598,Gusti,Wilman,gwilmangl@sfgate.com,Female
599,Killie,Bonnavant,kbonnavantgm@eventbrite.com,Male
600,Corrie,Greatrex,cgreatrexgn@time.com,Female
601,Celestyn,Realy,crealygo@imgur.com,Female
602,Parker,Colville,pcolvillegp@ask.com,Male
603,Ingaborg,Commins,icomminsgq@odnoklassniki.ru,Female
604,Essy,Martin,emartingr@cdbaby.com,Female
605,Dorrie,Salzburger,dsalzburgergs@fastcompany.com,Female
606,Estell,Di Meo,edimeogt@issuu.com,Female
607,Stirling,Dunsmore,sdunsmoregu@icq.com,Male
608,Isabeau,Scrace,iscracegv@sitemeter.com,Female
609,Brigida,Dilley,bdilleygw@is.gd,Female
610,Haily,Rissom,hrissomgx@cam.ac.uk,Male
611,Sibilla,Kale,skalegy@mozilla.com,Female
612,Kendre,Antoniewicz,kantoniewiczgz@list-manage.com,Genderfluid
613,Roxie,Tonbye,rtonbyeh0@sciencedirect.com,Female
614,Cirilo,Crowch,ccrowchh1@hubpages.com,Male
615,Idell,Hugh,ihughh2@cornell.edu,Female
616,Chiquita,Lasseter,classeterh3@yellowbook.com,Female
617,Broddie,Sewall,bsewallh4@google.com,Male
618,Kingsley,Fetherstone,kfetherstoneh5@simplemachines.org,Male
619,Alwyn,Gerardot,agerardoth6@gizmodo.com,Genderfluid
620,Barn,Oxe,boxeh7@wordpress.com,Male
621,Goldie,Petrou,gpetrouh8@sina.com.cn,Agender
622,Ruthi,Schoales,rschoalesh9@fotki.com,Female
623,Temp,Hanlon,thanlonha@typepad.com,Male
624,Karil,Pisculli,kpiscullihb@xrea.com,Female
625,Basilius,Rogans,broganshc@t.co,Male
626,Jacquetta,Jellis,jjellishd@spotify.com,Female
627,Evangelia,Jenyns,ejenynshe@oaic.gov.au,Female
628,Ursa,Kayser,ukayserhf@google.ca,Female
629,Johnna,Bullocke,jbullockehg@yellowpages.com,Female
630,Jay,Cockett,jcocketthh@fema.gov,Male
631,Delano,Quye,dquyehi@ucsd.edu,Bigender
632,Dare,Wasiela,dwasielahj@paginegialle.it,Male
633,Ange,Dulake,adulakehk@howstuffworks.com,Female
634,Brunhilda,Stonhouse,bstonhousehl@reuters.com,Polygender
635,Winne,Matyukon,wmatyukonhm@nih.gov,Female
636,Filip,Tomowicz,ftomowiczhn@indiatimes.com,Male
637,Yurik,Spraggon,yspraggonho@salon.com,Male
638,Darrin,Ramsby,dramsbyhp@oracle.com,Male
639,Becka,Wimpey,bwimpeyhq@bloglovin.com,Female
640,Timmy,Jahnke,tjahnkehr@washingtonpost.com,Male
641,Kipper,Vanezis,kvanezishs@disqus.com,Male
642,Alidia,Greyes,agreyesht@kickstarter.com,Female
643,Harlin,Marples,hmarpleshu@bbb.org,Male
644,Renelle,Petrowsky,rpetrowskyhv@simplemachines.org,Female
645,Germana,Stithe,gstithehw@1688.com,Female
646,Gannie,Fogarty,gfogartyhx@lycos.com,Male
647,Aube,Matthiae,amatthiaehy@yelp.com,Male
648,Missie,Chessman,mchessmanhz@usgs.gov,Female
649,Jamey,Scotchmore,jscotchmorei0@ustream.tv,Male
650,Aubert,Kimbling,akimblingi1@livejournal.com,Male
651,Blisse,Tuny,btunyi2@weebly.com,Female
652,Rasla,Elfe,relfei3@webs.com,Female
653,Lester,Bandey,lbandeyi4@list-manage.com,Male
654,Rachelle,Aspin,raspini5@toplist.cz,Female
655,Igor,Ivanilov,iivanilovi6@imdb.com,Male
656,Mellie,Forge,mforgei7@earthlink.net,Female
657,Ellie,Ewert,eewerti8@sitemeter.com,Female
658,Webster,Rapinett,wrapinetti9@chicagotribune.com,Male
659,Aland,Trickey,atrickeyia@answers.com,Male
660,Kandace,Brockman,kbrockmanib@ucoz.com,Female
661,Burl,Kohlerman,bkohlermanic@livejournal.com,Male
662,Katleen,Samwyse,ksamwyseid@google.es,Female
663,Giacomo,Spurgeon,gspurgeonie@51.la,Male
664,Howey,France,hfranceif@desdev.cn,Male
665,Eldon,Chesshire,echesshireig@amazon.co.jp,Male
666,Genevra,Aronstam,garonstamih@nifty.com,Female
667,Gavrielle,McTeague,gmcteagueii@soup.io,Female
668,Galen,Cottham,gcotthamij@wikispaces.com,Male
669,Laney,Kingaby,lkingabyik@dagondesign.com,Male
670,Codie,Lothlorien,clothlorienil@state.tx.us,Female
671,Windy,Pendrey,wpendreyim@prweb.com,Female
672,Cinda,Harg,chargin@odnoklassniki.ru,Female
673,Teodoro,Thackeray,tthackerayio@hhs.gov,Male
674,Maje,Salmond,msalmondip@pagesperso-orange.fr,Male
675,Al,Ciccotto,aciccottoiq@nature.com,Bigender
676,Allistir,Fenelow,afenelowir@theglobeandmail.com,Male
677,Audy,Wroath,awroathis@mapquest.com,Genderfluid
678,Nessi,Satterlee,nsatterleeit@sourceforge.net,Female
679,Fee,Danilewicz,fdanilewicziu@netlog.com,Male
680,Eugene,Frake,efrakeiv@topsy.com,Male
681,Brianne,Rainton,braintoniw@mac.com,Genderfluid
682,Ange,Betteriss,abetterissix@discovery.com,Female
683,Brennan,Blaisdell,bblaisdelliy@soup.io,Male
684,Eloise,Vreiberg,evreibergiz@howstuffworks.com,Female
685,Bradan,Fairham,bfairhamj0@networksolutions.com,Male
686,Miltie,Gennings,mgenningsj1@cargocollective.com,Male
687,Prent,Fortman,pfortmanj2@blog.com,Male
688,Tawnya,Francie,tfranciej3@dmoz.org,Female
689,Dulciana,Gerrets,dgerretsj4@cnbc.com,Female
690,Matt,Ludy,mludyj5@networksolutions.com,Male
691,Hillary,Hauck,hhauckj6@list-manage.com,Female
692,Jeddy,Morl,jmorlj7@yellowpages.com,Male
693,Anna-diane,Caseborne,acasebornej8@google.de,Female
694,Shellysheldon,Elstob,selstobj9@msu.edu,Agender
695,Othilie,Elmhurst,oelmhurstja@51.la,Female
696,Ozzy,Brabin,obrabinjb@howstuffworks.com,Male
697,Bette,O'Fallowne,bofallownejc@pen.io,Female
698,Eloise,Dunsmore,edunsmorejd@biglobe.ne.jp,Female
699,Perle,Fudge,pfudgeje@indiegogo.com,Female
700,Quentin,Tuckey,qtuckeyjf@google.co.uk,Female
701,Leontyne,Rumbold,lrumboldjg@princeton.edu,Female
702,Cymbre,Grunder,cgrunderjh@usatoday.com,Female
703,Yancy,Filipputti,yfilipputtiji@seattletimes.com,Non-binary
704,Ofilia,Aldous,oaldousjj@bigcartel.com,Female
705,Noah,Gilstoun,ngilstounjk@google.ru,Male
706,Jdavie,Clabburn,jclabburnjl@tamu.edu,Polygender
707,Ortensia,Featherstonhaugh,ofeatherstonhaughjm@netscape.com,Female
708,Gillan,Victor,gvictorjn@comsenz.com,Agender
709,Latisha,Merricks,lmerricksjo@tripadvisor.com,Female
710,Elwira,Moxstead,emoxsteadjp@dailymail.co.uk,Female
711,Elly,Seargeant,eseargeantjq@nytimes.com,Female
712,Randy,Truggian,rtruggianjr@psu.edu,Female
713,Opalina,Stanley,ostanleyjs@bbc.co.uk,Female
714,Stillmann,Dubois,sduboisjt@chron.com,Male
715,Rosemary,MacMickan,rmacmickanju@themeforest.net,Female
716,Phedra,Terbrug,pterbrugjv@google.nl,Female
717,Homer,Mattheis,hmattheisjw@wikia.com,Genderfluid
718,Maurits,Kitchingman,mkitchingmanjx@wikispaces.com,Male
719,Dexter,Lowensohn,dlowensohnjy@macromedia.com,Non-binary
720,Erinna,Fitch,efitchjz@biglobe.ne.jp,Female
721,Francesco,Mowle,fmowlek0@cnbc.com,Male
722,Orelie,Welham,owelhamk1@51.la,Female
723,Lucia,Peter,lpeterk2@netlog.com,Female
724,Robinson,Sheridan,rsheridank3@uol.com.br,Male
725,Constancy,Reavey,creaveyk4@yolasite.com,Female
726,Babette,O'Curneen,bocurneenk5@oakley.com,Female
727,Merrill,Lyall,mlyallk6@ted.com,Genderfluid
728,Erminie,Coatts,ecoattsk7@networkadvertising.org,Female
729,Natalya,Folkes,nfolkesk8@goo.gl,Female
730,Olimpia,Dickerline,odickerlinek9@soup.io,Female
731,Giles,Cassius,gcassiuska@gov.uk,Agender
732,Marsh,Twiggins,mtwigginskb@dagondesign.com,Male
733,Martha,Huet,mhuetkc@intel.com,Female
734,Elizabeth,Rapps,erappskd@boston.com,Female
735,Curry,Points,cpointske@ucla.edu,Male
736,Alfi,McGahey,amcgaheykf@vistaprint.com,Female
737,Denice,Folomin,dfolominkg@goodreads.com,Female
738,Athene,Satchell,asatchellkh@virginia.edu,Female
739,Rikki,Sibley,rsibleyki@sfgate.com,Bigender
740,Wilmette,Brinded,wbrindedkj@smugmug.com,Female
741,Duky,Chishull,dchishullkk@earthlink.net,Male
742,Val,Grzelak,vgrzelakkl@fotki.com,Male
743,Matty,Bidewell,mbidewellkm@google.nl,Bigender
744,Agnesse,Bentsen,abentsenkn@weather.com,Female
745,Grace,Spuffard,gspuffardko@biblegateway.com,Female
746,Dian,Petherick,dpetherickkp@microsoft.com,Female
747,Granthem,McClymond,gmcclymondkq@ucla.edu,Male
748,Aura,Mathews,amathewskr@blogspot.com,Female
749,Denney,Lambshine,dlambshineks@economist.com,Male
750,Umeko,Sigge,usiggekt@cmu.edu,Female
751,Rory,Heyball,rheyballku@de.vu,Male
752,Roobbie,Godding,rgoddingkv@4shared.com,Female
753,Sharyl,Emeney,semeneykw@adobe.com,Female
754,Joela,Jeannard,jjeannardkx@guardian.co.uk,Female
755,Vasili,Andrelli,vandrelliky@artisteer.com,Male
756,Peyter,Scotson,pscotsonkz@dyndns.org,Male
757,Allison,Kordas,akordasl0@scribd.com,Female
758,Orel,Terrington,oterringtonl1@comcast.net,Female
759,Irina,Di Baudi,idibaudil2@scientificamerican.com,Female
760,Elie,McLelland,emclellandl3@tinypic.com,Female
761,Lyn,Westhead,lwestheadl4@purevolume.com,Female
762,Georgianna,Spurier,gspurierl5@blogspot.com,Female
763,Sibel,Forsaith,sforsaithl6@ow.ly,Female
764,Skip,Soutter,ssoutterl7@senate.gov,Male
765,Catherine,O'Dreain,codreainl8@tiny.cc,Female
766,Tom,Chalke,tchalkel9@cpanel.net,Male
767,Jarred,Dunkersley,jdunkersleyla@msu.edu,Male
768,Tully,Gabrieli,tgabrielilb@usda.gov,Male
769,Falito,Scouler,fscoulerlc@webnode.com,Male
770,Pru,Neillans,pneillansld@xing.com,Female
771,Ashli,Parman,aparmanle@howstuffworks.com,Female
772,Husein,McGuiney,hmcguineylf@surveymonkey.com,Male
773,Lurline,Dowber,ldowberlg@seesaa.net,Female
774,Ashbey,Adlam,aadlamlh@boston.com,Male
775,Missy,Oddie,moddieli@soup.io,Female
776,Rodie,Corrado,rcorradolj@ycombinator.com,Female
777,Colene,Moar,cmoarlk@wikispaces.com,Female
778,Spencer,Pettko,spettkoll@ameblo.jp,Male
779,Allie,Derrington,aderringtonlm@rambler.ru,Male
780,Finley,Byrnes,fbyrnesln@theatlantic.com,Male
781,Myrilla,Meake,mmeakelo@mozilla.com,Female
782,Palmer,Brumfitt,pbrumfittlp@vimeo.com,Genderfluid
783,Carolin,Dalla,cdallalq@hibu.com,Female
784,Evelin,Coverly,ecoverlylr@is.gd,Male
785,Sayres,Bletcher,sbletcherls@marketwatch.com,Male
786,Charla,Cammoile,ccammoilelt@is.gd,Female
787,Minetta,Gooble,mgooblelu@timesonline.co.uk,Bigender
788,Siward,Le Sieur,slesieurlv@forbes.com,Male
789,Dominique,Daddow,ddaddowlw@4shared.com,Male
790,Antoinette,Vearnals,avearnalslx@aboutads.info,Female
791,Brianna,Ilott,bilottly@dailymail.co.uk,Female
792,Nannie,Kulver,nkulverlz@redcross.org,Non-binary
793,Kimble,Blonfield,kblonfieldm0@ovh.net,Male
794,Kylen,Hobbema,khobbemam1@ow.ly,Female
795,Christine,Suter,csuterm2@ebay.com,Female
796,Louise,Broscombe,lbroscombem3@tinyurl.com,Agender
797,Damaris,Scneider,dscneiderm4@ameblo.jp,Agender
798,Carl,Bollans,cbollansm5@seattletimes.com,Male
799,Kele,Howat,khowatm6@oakley.com,Male
800,Chelsie,Oswald,coswaldm7@macromedia.com,Female
801,My,Connerry,mconnerrym8@devhub.com,Male
802,Cesar,McCanny,cmccannym9@techcrunch.com,Male
803,Claretta,De Roberto,cderobertoma@hp.com,Female
804,Milissent,Charer,mcharermb@nps.gov,Female
805,Gaston,Hunnable,ghunnablemc@opensource.org,Male
806,Verine,Facey,vfaceymd@time.com,Female
807,Marje,Webb-Bowen,mwebbbowenme@example.com,Female
808,Chrystel,Jimes,cjimesmf@a8.net,Female
809,Devlin,Blasetti,dblasettimg@addthis.com,Male
810,Scottie,Renac,srenacmh@photobucket.com,Male
811,Elaine,Henri,ehenrimi@linkedin.com,Female
812,Lorrie,Lattey,llatteymj@people.com.cn,Female
813,Kendrick,Lightowler,klightowlermk@networksolutions.com,Male
814,Tootsie,Byrch,tbyrchml@usatoday.com,Female
815,Hermie,Stollberg,hstollbergmm@vkontakte.ru,Male
816,Tallulah,Larwell,tlarwellmn@discovery.com,Female
817,Gustave,Shanley,gshanleymo@ucsd.edu,Male
818,Maxine,Shaplin,mshaplinmp@cnet.com,Genderfluid
819,Rhys,Luckman,rluckmanmq@ca.gov,Male
820,Nada,Veare,nvearemr@tiny.cc,Female
821,Vyky,Keuneke,vkeunekems@mozilla.com,Female
822,Carie,Dannett,cdannettmt@t.co,Female
823,Tallie,Murray,tmurraymu@ycombinator.com,Male
824,Kirsteni,Nock,knockmv@about.me,Female
825,Dalli,Sirmon,dsirmonmw@scribd.com,Male
826,Salli,McGurn,smcgurnmx@trellian.com,Female
827,Isak,Gotling,igotlingmy@smh.com.au,Genderqueer
828,Gibbie,Garard,ggarardmz@youtu.be,Male
829,Audrie,Lenz,alenzn0@oaic.gov.au,Female
830,Igor,Mathy,imathyn1@miibeian.gov.cn,Male
831,Christoforo,Cholwell,ccholwelln2@diigo.com,Male
832,Danyette,MacGilmartin,dmacgilmartinn3@engadget.com,Female
833,Leanora,Cluer,lcluern4@umich.edu,Female
834,Clerissa,Rosetti,crosettin5@globo.com,Female
835,Halimeda,Davidovitz,hdavidovitzn6@webnode.com,Female
836,Ellynn,Angric,eangricn7@vimeo.com,Female
837,Adrianne,Van der Velde,avandervelden8@amazon.de,Female
838,Trixy,Drohane,tdrohanen9@trellian.com,Female
839,Katherine,Bang,kbangna@merriam-webster.com,Female
840,Lalo,Blakeslee,lblakesleenb@newsvine.com,Male
841,Odelle,Duprey,odupreync@booking.com,Female
842,Delbert,Crepin,dcrepinnd@washington.edu,Male
843,Ronna,Squeers,rsqueersne@amazonaws.com,Female
844,Gilbert,Cassimer,gcassimernf@archive.org,Male
845,Clare,Ellesworth,cellesworthng@usa.gov,Agender
846,Karole,Bishop,kbishopnh@abc.net.au,Female
847,Ann-marie,Rubinsaft,arubinsaftni@deviantart.com,Female
848,Shauna,Litterick,slittericknj@webs.com,Female
849,Mollie,Braywood,mbraywoodnk@cisco.com,Female
850,Sally,Caldow,scaldownl@facebook.com,Female
851,Bennie,Burdass,bburdassnm@google.de,Female
852,Rea,Eakly,reaklynn@meetup.com,Female
853,Perry,Echalier,pechalierno@tinypic.com,Male
854,Brander,Cymper,bcympernp@usda.gov,Male
855,Rea,Prendeville,rprendevillenq@webeden.co.uk,Female
856,Nevil,Westgarth,nwestgarthnr@ovh.net,Male
857,Rickie,Southerell,rsoutherellns@theatlantic.com,Male
858,Jeffrey,Loukes,jloukesnt@qq.com,Male
859,Silvano,Gruby,sgrubynu@ucoz.ru,Male
860,Charlotte,Elsey,celseynv@auda.org.au,Female
861,Joyous,Shipp,jshippnw@nhs.uk,Female
862,Job,Corwin,jcorwinnx@yahoo.com,Male
863,Coreen,Echalier,cechalierny@hhs.gov,Female
864,Conway,Oene,coenenz@loc.gov,Polygender
865,Gannon,Coady,gcoadyo0@goo.ne.jp,Male
866,Lida,Scyner,lscynero1@ft.com,Female
867,Giorgio,Le Frank,glefranko2@fema.gov,Male
868,Mose,Ferens,mferenso3@meetup.com,Bigender
869,Dorrie,Lowden,dlowdeno4@forbes.com,Female
870,Kerwinn,Jeffray,kjeffrayo5@home.pl,Male
871,Harris,Girod,hgirodo6@ezinearticles.com,Male
872,Brent,Scarbarrow,bscarbarrowo7@google.es,Male
873,Margit,Matejovsky,mmatejovskyo8@dion.ne.jp,Female
874,Carrissa,Ganderton,cgandertono9@bbc.co.uk,Female
875,Doria,Caslin,dcaslinoa@symantec.com,Female
876,Guilbert,Moules,gmoulesob@sogou.com,Male
877,Justis,Doornbos,jdoornbosoc@cam.ac.uk,Male
878,Maisie,Maginot,mmaginotod@si.edu,Female
879,Stacee,Furmston,sfurmstonoe@hostgator.com,Male
880,Ingaborg,Aireton,iairetonof@free.fr,Female
881,Min,Headon,mheadonog@narod.ru,Female
882,Benjie,Stroder,bstroderoh@state.gov,Male
883,Lizette,Adamsen,ladamsenoi@pcworld.com,Polygender
884,Debora,Shankle,dshankleoj@symantec.com,Female
885,Paulie,Napolitano,pnapolitanook@merriam-webster.com,Male
886,Christophorus,Cragell,ccragellol@google.com.hk,Male
887,Durand,Silburn,dsilburnom@eventbrite.com,Male
888,Baudoin,Bradtke,bbradtkeon@ustream.tv,Male
889,Rogers,Brownfield,rbrownfieldoo@jalbum.net,Male
890,Charin,Hanning,channingop@hubpages.com,Female
891,Estelle,Chismon,echismonoq@tumblr.com,Female
892,Winona,Durban,wdurbanor@dailymail.co.uk,Female
893,Batsheva,Care,bcareos@intel.com,Female
894,Gwennie,Woolway,gwoolwayot@issuu.com,Female
895,Joya,Markson,jmarksonou@eventbrite.com,Female
896,Fonzie,Nodes,fnodesov@tripod.com,Male
897,Pammy,Belchamber,pbelchamberow@jimdo.com,Female
898,Lettie,Riddles,lriddlesox@bigcartel.com,Female
899,Fin,Fontelles,ffontellesoy@bbc.co.uk,Male
900,Traci,Mahoney,tmahoneyoz@woothemes.com,Female
901,Katlin,Bernhardi,kbernhardip0@yale.edu,Female
902,Maurice,Hencke,mhenckep1@businessweek.com,Agender
903,Olympia,Gillhespy,ogillhespyp2@imageshack.us,Female
904,Riordan,Prium,rpriump3@ucoz.ru,Male
905,Nester,Fedynski,nfedynskip4@state.gov,Male
906,Llewellyn,Flacknoe,lflacknoep5@amazon.de,Male
907,Carmon,Tran,ctranp6@nymag.com,Female
908,Dicky,Slainey,dslaineyp7@freewebs.com,Male
909,Georgeanna,Desbrow,gdesbrowp8@bluehost.com,Female
910,Melania,Goodoune,mgoodounep9@dyndns.org,Female
911,Elroy,Bell,ebellpa@ucsd.edu,Male
912,Keelby,Bradick,kbradickpb@hud.gov,Male
913,Anabelle,Collidge,acollidgepc@mac.com,Female
914,Silvester,Kienzle,skienzlepd@telegraph.co.uk,Male
915,Elayne,Wareham,ewarehampe@si.edu,Female
916,Cecily,Reuven,creuvenpf@webeden.co.uk,Agender
917,Cynthie,Thaxter,cthaxterpg@thetimes.co.uk,Polygender
918,Demetre,Brightie,dbrightieph@mozilla.com,Male
919,Archie,Kilner,akilnerpi@simplemachines.org,Male
920,Hyman,Sansun,hsansunpj@lulu.com,Male
921,Phil,Paulton,ppaultonpk@buzzfeed.com,Male
922,Sigismondo,McNeill,smcneillpl@sciencedaily.com,Non-binary
923,Lamar,Kilfether,lkilfetherpm@bandcamp.com,Male
924,Evyn,Nana,enanapn@linkedin.com,Male
925,Dalt,Skurm,dskurmpo@mozilla.com,Male
926,Gustave,Gomer,ggomerpp@wix.com,Male
927,Quent,Moth,qmothpq@nsw.gov.au,Male
928,Darya,Falkous,dfalkouspr@disqus.com,Female
929,Sampson,Helis,shelisps@smugmug.com,Male
930,Hermon,Learoyd,hlearoydpt@wufoo.com,Male
931,Hope,MacRorie,hmacroriepu@cafepress.com,Female
932,Jean,Mansford,jmansfordpv@spiegel.de,Male
933,Evyn,Welband,ewelbandpw@dyndns.org,Male
934,Patton,Pilipyak,ppilipyakpx@ning.com,Polygender
935,Benedikta,Zannetti,bzannettipy@narod.ru,Genderfluid
936,Fabio,Gobbet,fgobbetpz@barnesandnoble.com,Male
937,Barr,Gibbins,bgibbinsq0@netscape.com,Male
938,Blayne,Patching,bpatchingq1@123-reg.co.uk,Agender
939,Sileas,Tribell,stribellq2@ovh.net,Female
940,Seymour,Goves,sgovesq3@about.me,Male
941,Kipper,Hulme,khulmeq4@blogger.com,Male
942,Courtney,Surridge,csurridgeq5@fema.gov,Female
943,Adolf,Darrigrand,adarrigrandq6@bbc.co.uk,Male
944,Alameda,Rapi,arapiq7@mysql.com,Female
945,Issiah,Sivell,isivellq8@ameblo.jp,Male
946,Cosme,Mungan,cmunganq9@tmall.com,Male
947,Orson,Hemerijk,ohemerijkqa@cornell.edu,Genderqueer
948,Quintin,Layhe,qlayheqb@ow.ly,Male
949,Nels,Hawtry,nhawtryqc@ihg.com,Male
950,Fabio,Hazeman,fhazemanqd@blogs.com,Male
951,Waylon,Tibb,wtibbqe@nymag.com,Male
952,Kyla,Pluthero,kplutheroqf@hp.com,Female
953,Basia,Brunone,bbrunoneqg@icq.com,Genderqueer
954,Godfry,Calbrathe,gcalbratheqh@wired.com,Male
955,Ethelred,Pyatt,epyattqi@wiley.com,Male
956,Forrester,Marshall,fmarshallqj@behance.net,Male
957,Waverley,Ricard,wricardqk@dedecms.com,Male
958,Edward,Jelf,ejelfql@php.net,Bigender
959,Kaela,Battrick,kbattrickqm@irs.gov,Female
960,Anna-diane,Clace,aclaceqn@merriam-webster.com,Female
961,Ailee,Atcheson,aatchesonqo@nyu.edu,Female
962,Ilka,Carriage,icarriageqp@bbc.co.uk,Female
963,Jerrie,Wilce,jwilceqq@nydailynews.com,Male
964,Janka,Blackley,jblackleyqr@meetup.com,Female
965,Etta,Sainer,esainerqs@bizjournals.com,Female
966,Shellysheldon,Woodcock,swoodcockqt@sciencedaily.com,Male
967,Eduard,Whitwam,ewhitwamqu@skyrock.com,Male
968,Tammy,Levermore,tlevermoreqv@gmpg.org,Male
969,Nadiya,Levison,nlevisonqw@businessinsider.com,Female
970,Jeni,Ethridge,jethridgeqx@topsy.com,Female
971,Gwynne,Pargeter,gpargeterqy@pinterest.com,Female
972,Ashlen,Byrd,abyrdqz@nbcnews.com,Female
973,Ruggiero,Van der Daal,rvanderdaalr0@tiny.cc,Genderqueer
974,Waiter,Beecheno,wbeechenor1@tamu.edu,Male
975,Nevins,Lerigo,nlerigor2@google.com.hk,Male
976,Winn,Hritzko,whritzkor3@omniture.com,Male
977,Karalee,Caustic,kcausticr4@delicious.com,Female
978,Wylie,Carah,wcarahr5@over-blog.com,Male
979,Janetta,Tomasoni,jtomasonir6@spiegel.de,Female
980,Ardith,Kirwan,akirwanr7@dailymotion.com,Female
981,Barbe,Tearle,btearler8@youku.com,Female
982,Shina,Vanichev,svanichevr9@wired.com,Female
983,Llewellyn,Ladell,lladellra@ycombinator.com,Male
984,Urban,Hartshorne,uhartshornerb@usgs.gov,Male
985,Kerrie,Muggleston,kmugglestonrc@prlog.org,Female
986,Debra,Strathdee,dstrathdeerd@usda.gov,Female
987,Dorie,Ephgrave,dephgravere@google.com,Female
988,Tabatha,Legg,tleggrf@ihg.com,Female
989,Putnem,Hitter,phitterrg@state.gov,Bigender
990,Willard,Glavin,wglavinrh@narod.ru,Male
991,Sibella,Renish,srenishri@printfriendly.com,Female
992,Cecilla,Sissland,csisslandrj@flavors.me,Female
993,Justino,Dickon,jdickonrk@sakura.ne.jp,Male
994,Courtnay,MacAscaidh,cmacascaidhrl@zdnet.com,Female
995,Burgess,McAuliffe,bmcaulifferm@mail.ru,Male
996,Martino,Cloutt,mclouttrn@php.net,Male
997,Elana,Marle,emarlero@deliciousdays.com,Female
998,Fergus,Sara,fsararp@tripod.com,Male
999,Adella,Yanyshev,ayanyshevrq@sohu.com,Female
1000,Sosanna,O'Duane,soduanerr@thetimes.co.uk,Female
